,Similarity Norming Category,distance_bert_large_hf_layer_1,distance_bert_large_hf_layer_10,distance_bert_large_hf_layer_11,distance_bert_large_hf_layer_12,distance_bert_large_hf_layer_2,distance_bert_large_hf_layer_3,distance_bert_large_hf_layer_4,distance_bert_large_hf_layer_5,distance_bert_large_hf_layer_6,distance_bert_large_hf_layer_7,distance_bert_large_hf_layer_8,distance_bert_large_hf_layer_9,string,word
0,H,0.8991311714053154,0.7236921489238739,0.633969634771347,0.6131749153137207,0.9097329303622246,0.9189938306808472,0.915123350918293,0.8563801795244217,0.8320588767528534,0.8223445564508438,0.7928544580936432,0.7892534881830215,amazon,amazon
1,H,0.8328783065080643,0.5871152877807617,0.5060887932777405,0.5790764689445496,0.8094626516103745,0.834399864077568,0.8323257118463516,0.7781021296977997,0.7918191701173782,0.7490545213222504,0.7636708766222,0.6944397389888763,arms,arms
2,H,0.8566677868366241,0.5233435034751892,0.4149967432022095,0.46378594636917114,0.8341844528913498,0.8139154016971588,0.7740779519081116,0.7050839960575104,0.6885268092155457,0.7200990915298462,0.6944349706172943,0.6321912407875061,band,band
3,H,0.8832213282585144,0.4982447624206543,0.40528208017349243,0.4744332432746887,0.8367542028427124,0.8221597373485565,0.8241645395755768,0.7544097602367401,0.7297205030918121,0.7492556571960449,0.7402400970458984,0.6613252758979797,bark,bark
4,H,0.8998119905591011,0.5296879708766937,0.41534072160720825,0.48355555534362793,0.8748774528503418,0.870922788977623,0.826500803232193,0.7639715075492859,0.7347124516963959,0.6905740797519684,0.6740167140960693,0.6156925857067108,bass,bass
5,H,0.8945267647504807,0.6157205998897552,0.5241057276725769,0.5136374831199646,0.8873584792017937,0.8611809015274048,0.8372274935245514,0.7691899687051773,0.7653942704200745,0.7785476744174957,0.7654607445001602,0.71780726313591,bat,bat
6,H,0.9504136219620705,0.7455480098724365,0.6456740498542786,0.6701108515262604,0.9620022177696228,0.9084294140338898,0.8851115703582764,0.8399671912193298,0.8440419584512711,0.8174779564142227,0.8099940270185471,0.7613125294446945,batter,batter
7,H,0.8886473774909973,0.5449812412261963,0.4458273649215698,0.47809433937072754,0.8216813653707504,0.7561113089323044,0.7122602164745331,0.6543551385402679,0.6324193179607391,0.6683215796947479,0.6843054592609406,0.6393846571445465,bills,bill
8,H,0.9285377413034439,0.7603502422571182,0.6423901617527008,0.7029343843460083,0.8862331360578537,0.8657423257827759,0.8460686653852463,0.7810361534357071,0.8144701570272446,0.8239056468009949,0.8177956938743591,0.8097192049026489,bluff,bluff
9,H,0.9077666401863098,0.5954989492893219,0.49821406602859497,0.4791409373283386,0.8619586378335953,0.8353915810585022,0.7978498935699463,0.7489491999149323,0.7755696624517441,0.7317453920841217,0.7481416463851929,0.6757519245147705,bond,bond
10,H,0.9206307306885719,0.4727630615234375,0.3512895703315735,0.37949538230895996,0.8249268978834152,0.7966322898864746,0.7769483178853989,0.707240879535675,0.7049967348575592,0.6673673391342163,0.6365980803966522,0.5643805861473083,bow,bow
11,H,0.9064268246293068,0.5832937061786652,0.5220948457717896,0.5590479671955109,0.8978575691580772,0.8471130579710007,0.8221720457077026,0.7467144727706909,0.7379453778266907,0.7727250009775162,0.7415545880794525,0.7060603201389313,bowler,bowler
12,H,0.8746068179607391,0.6783052980899811,0.5928043127059937,0.6135638058185577,0.8586905896663666,0.8214825838804245,0.8251503556966782,0.7645323574542999,0.7930222302675247,0.7943422943353653,0.7836258411407471,0.750063881278038,brush,brush
13,H,0.8705310821533203,0.5236797630786896,0.4291268587112427,0.43981611728668213,0.8649640083312988,0.8699040114879608,0.8118333965539932,0.7423737347126007,0.7643075883388519,0.7295482754707336,0.7064768671989441,0.6406602263450623,buck,buck
14,H,0.8659516870975494,0.4927600026130676,0.4143436551094055,0.43951505422592163,0.8220930248498917,0.7869179397821426,0.7655744254589081,0.6728000938892365,0.6841820478439331,0.6786824464797974,0.6952633559703827,0.6440873444080353,bud,bud
15,H,0.8815900981426239,0.46752727031707764,0.38868582248687744,0.4410278797149658,0.8426561653614044,0.8184492588043213,0.7954353988170624,0.749388575553894,0.7503922879695892,0.722561240196228,0.692645937204361,0.614654541015625,calf,calf
16,H,0.8471821546554565,0.5946947038173676,0.4869643449783325,0.5011976361274719,0.8511140793561935,0.8134127557277679,0.7526689916849136,0.693507581949234,0.6603191196918488,0.6783559322357178,0.6901159286499023,0.6665082573890686,case,case
17,H,0.8840010389685631,0.699781596660614,0.6092527806758881,0.6166654229164124,0.899496890604496,0.8786314576864243,0.8626938611268997,0.7837902903556824,0.8038349896669388,0.7994666546583176,0.8071847558021545,0.784353494644165,colon,colon
18,H,0.9328362718224525,0.5063700079917908,0.3908807039260864,0.4481832981109619,0.877786710858345,0.8497688323259354,0.7991409748792648,0.7194744944572449,0.7301195859909058,0.7248682975769043,0.7184436917304993,0.6506766676902771,count,count
19,H,0.9175227507948875,0.6055678427219391,0.5188918113708496,0.5522392392158508,0.9137787148356438,0.8878186345100403,0.8682801872491837,0.8235074579715729,0.8064309656620026,0.8001673519611359,0.7770054042339325,0.6896759271621704,counter,counter
20,H,0.9356849268078804,0.6251526474952698,0.5174378752708435,0.5675890445709229,0.8906640037894249,0.8562747836112976,0.7992418706417084,0.7641693204641342,0.7981577664613724,0.7869828194379807,0.7731863111257553,0.7295842468738556,crab,crab
21,H,0.8711119443178177,0.5741180777549744,0.4980472922325134,0.5182201266288757,0.8176664859056473,0.8181714862585068,0.7921677082777023,0.734151691198349,0.72898730635643,0.7075136601924896,0.7109862565994263,0.6732374429702759,cricket,cricket
22,H,0.9373627528548241,0.6974015533924103,0.6152167320251465,0.6972702145576477,0.8996573388576508,0.8797292336821556,0.8414214551448822,0.7777404189109802,0.7941363602876663,0.8304729461669922,0.795194685459137,0.7516822814941406,cue,cue
23,H,0.8841465264558792,0.4342966079711914,0.33469027280807495,0.3486745357513428,0.8153064250946045,0.78933946788311,0.7100722789764404,0.636818915605545,0.5978631675243378,0.573688805103302,0.5552519261837006,0.5503853857517242,fans,fan
24,H,0.9596752040088177,0.6571157276630402,0.5611160099506378,0.6077883541584015,0.9423736818134785,0.9017979875206947,0.8334666192531586,0.7733367532491684,0.7866612821817398,0.7925283163785934,0.7825157791376114,0.7874671816825867,gag,gag
25,H,0.8863221928477287,0.5774961113929749,0.5104517042636871,0.5547407865524292,0.8807306066155434,0.860963985323906,0.8434461504220963,0.7821475863456726,0.7504318654537201,0.7540612071752548,0.7107680439949036,0.6575134694576263,glare,glare
26,H,0.909598782658577,0.5838005542755127,0.47370588779449463,0.5001406073570251,0.875181756913662,0.8715319037437439,0.8555707484483719,0.8265878111124039,0.8207844793796539,0.8419564962387085,0.781510517001152,0.7241214513778687,laps,lap
27,H,0.7948223650455475,0.5243116617202759,0.429617702960968,0.44315171241760254,0.7376451790332794,0.7987416684627533,0.7728509604930878,0.7748915255069733,0.8030943274497986,0.7883995324373245,0.7489844560623169,0.6608884036540985,lead,lead
28,H,0.9017453491687775,0.5400054752826691,0.41316425800323486,0.46456974744796753,0.8928761333227158,0.8936979472637177,0.8837600499391556,0.8362423628568649,0.8495017737150192,0.7935162931680679,0.7074386477470398,0.6339554190635681,lean,lean
29,H,0.917747400701046,0.6342135667800903,0.5046540796756744,0.600322037935257,0.8653228878974915,0.8382039815187454,0.7822732478380203,0.75125752389431,0.7407373785972595,0.7324668765068054,0.7045703530311584,0.7118552923202515,limbo,limbo
30,H,0.8907457292079926,0.6249711513519287,0.5347980260848999,0.5799176096916199,0.8631368428468704,0.8488969951868057,0.8244756162166595,0.7511098682880402,0.7776032090187073,0.7945255041122437,0.7803463637828827,0.6885720789432526,march,march
31,H,0.8554025143384933,0.4959689974784851,0.39931273460388184,0.40666794776916504,0.8322114944458008,0.8647716343402863,0.8357051014900208,0.7592721283435822,0.7223053574562073,0.6871562004089355,0.6483878195285797,0.5738844573497772,mass,mass
32,H,0.8576350063085556,0.4367489814758301,0.3477793335914612,0.3729061484336853,0.8615355044603348,0.8134129196405411,0.7786363363265991,0.683487057685852,0.6819337606430054,0.6618998348712921,0.6026792824268341,0.556950181722641,match,match
33,H,0.9381743595004082,0.6411491334438324,0.5353861153125763,0.5940802693367004,0.8760521486401558,0.8615515977144241,0.8302078396081924,0.8016731441020966,0.8235356211662292,0.8028783202171326,0.76022869348526,0.7438163459300995,meter,meter
34,H,0.8720316886901855,0.6100755929946899,0.5005368888378143,0.5415621101856232,0.8508617430925369,0.8634371757507324,0.8459715843200684,0.7873010188341141,0.7671661823987961,0.7654694318771362,0.7265526950359344,0.6904885470867157,mine,mine
35,H,0.8514966815710068,0.6200706362724304,0.489010751247406,0.46838128566741943,0.7648120075464249,0.8232264220714569,0.8140509873628616,0.7585871815681458,0.7573944926261902,0.7788495868444443,0.7544759660959244,0.7166424691677094,mint,mint
36,H,0.9243393689393997,0.5547396540641785,0.45791637897491455,0.5302408337593079,0.9102027043700218,0.869064137339592,0.8273456394672394,0.7496723830699921,0.7420277893543243,0.7661651819944382,0.7019096612930298,0.696841299533844,miss,miss
37,H,0.8895127698779106,0.570872575044632,0.4907643795013428,0.49652671813964844,0.8998573124408722,0.8884536698460579,0.8871887549757957,0.8131791353225708,0.8170137107372284,0.7981536537408829,0.7723153978586197,0.6979012489318848,mold,mold
38,H,0.8299950808286667,0.4505370259284973,0.383808434009552,0.4756386876106262,0.8137913644313812,0.7838930189609528,0.7270366847515106,0.6557320952415466,0.64439457654953,0.672021895647049,0.6449218988418579,0.5858954191207886,mole,mole
39,H,0.8877742066979408,0.4887899160385132,0.4191819429397583,0.42326992750167847,0.8387172222137451,0.8337540775537491,0.819403737783432,0.6910861432552338,0.7072393000125885,0.7154926359653473,0.661969006061554,0.6006431579589844,mustang,mustang
40,H,0.9045117050409317,0.6138521134853363,0.46701252460479736,0.5195221900939941,0.8971844837069511,0.8623269498348236,0.846006765961647,0.7817840278148651,0.765076294541359,0.757781371474266,0.7157626450061798,0.6851160228252411,net,net
41,H,0.9099681749939919,0.598550945520401,0.5044429302215576,0.5139456987380981,0.8466604650020599,0.8365867286920547,0.797989010810852,0.7584767937660217,0.7513300478458405,0.7403586506843567,0.7551130056381226,0.7174012660980225,nirvana,nirvana
42,H,0.889117881655693,0.6654175817966461,0.5775996148586273,0.5931130945682526,0.8607707172632217,0.8506066054105759,0.7940801978111267,0.7474106550216675,0.7412227690219879,0.7285833656787872,0.7179409563541412,0.7106998860836029,palms,palm
43,H,0.9499688185751438,0.6427612602710724,0.5225207209587097,0.5831752717494965,0.9052031189203262,0.8683186322450638,0.8218821883201599,0.7493468523025513,0.7485481202602386,0.738213062286377,0.7404355406761169,0.7191600203514099,pit,pit
44,H,0.8852527141571045,0.5333281755447388,0.415158212184906,0.45466405153274536,0.8659077435731888,0.8283823430538177,0.8105579316616058,0.7253116369247437,0.7250787019729614,0.7268066108226776,0.685532808303833,0.5829632878303528,pitch,pitch
45,H,0.8508813977241516,0.5300186574459076,0.43973439931869507,0.5234883725643158,0.7723038792610168,0.74884894490242,0.7246354818344116,0.6517466604709625,0.6492580771446228,0.630639374256134,0.6231884360313416,0.5932259857654572,pitcher,pitcher
46,H,0.8942475542426109,0.5074378550052643,0.43325263261795044,0.4656452536582947,0.845221534371376,0.841772198677063,0.8162804245948792,0.7295557260513306,0.7232983708381653,0.703355997800827,0.6894550025463104,0.61851367354393,pool,pool
47,H,0.8798251301050186,0.5997581481933594,0.4912371039390564,0.5193985104560852,0.8844115883111954,0.8695840537548065,0.8316536247730255,0.7732644528150558,0.7862738221883774,0.7826682329177856,0.7479699552059174,0.6935222148895264,port,port
48,H,0.9100987389683723,0.4577080011367798,0.33181118965148926,0.3816434144973755,0.8374060541391373,0.86406409740448,0.805963397026062,0.6866671741008759,0.6554233133792877,0.6335052847862244,0.6476390063762665,0.5793720483779907,post,post
49,H,0.9148233458399773,0.607357531785965,0.5229815542697906,0.5612381994724274,0.8982771039009094,0.8675847500562668,0.8359933197498322,0.7677195221185684,0.7990405559539795,0.7794843763113022,0.7598047256469727,0.7102547585964203,pot,pot
50,H,0.9001327529549599,0.48886293172836304,0.4003743529319763,0.4832140803337097,0.860497310757637,0.8726545870304108,0.8287288844585419,0.7663859277963638,0.7715405523777008,0.7497958242893219,0.6997738778591156,0.6527462899684906,pounds,pound
51,H,0.8901882916688919,0.633098304271698,0.5785789787769318,0.579555094242096,0.8509471714496613,0.8236855715513229,0.7971338629722595,0.7747928947210312,0.7713356018066406,0.7887671291828156,0.7641674876213074,0.7030999064445496,present,present
52,H,0.9054437801241875,0.5428356230258942,0.45434844493865967,0.47989851236343384,0.849748283624649,0.8367523401975632,0.8126443475484848,0.736526608467102,0.7497280538082123,0.7178257405757904,0.6928083896636963,0.6556859016418457,punch,punch
53,H,0.8995499610900879,0.5254734456539154,0.38632720708847046,0.4603179097175598,0.7925064712762833,0.7915892750024796,0.7695629298686981,0.7175432443618774,0.6929506659507751,0.6884167492389679,0.6874687671661377,0.61937615275383,pupil,pupil
54,H,0.9391985312104225,0.7448236644268036,0.641678124666214,0.745474636554718,0.8916557654738426,0.8687436133623123,0.8095270693302155,0.7482863664627075,0.7614630460739136,0.8069943338632584,0.8321941643953323,0.8306083679199219,quack,quack
55,H,0.9102148041129112,0.5272118151187897,0.4119986295700073,0.48159193992614746,0.8677919507026672,0.8588026463985443,0.8316533714532852,0.7350792586803436,0.7429661154747009,0.7327990829944611,0.686366856098175,0.6426905989646912,race,race
56,H,0.9071241617202759,0.46486538648605347,0.37653857469558716,0.45239078998565674,0.8599769175052643,0.8310923725366592,0.8009769767522812,0.7539664804935455,0.7675268799066544,0.7606131583452225,0.7239955067634583,0.5995497107505798,racket,racket
57,H,0.053729116916656494,0.07779252529144287,0.0640726089477539,0.05929720401763916,0.06453394889831543,0.0760388970375061,0.10369044542312622,0.15893638134002686,0.13614511489868164,0.12658363580703735,0.10602492094039917,0.09886592626571655,rare,rare
58,H,0.8451207280158997,0.599517434835434,0.5146154463291168,0.5677148699760437,0.8512202501296997,0.8439403176307678,0.7766557782888412,0.7261165678501129,0.7554103881120682,0.7740423828363419,0.7750561088323593,0.7125124335289001,ring,ring
59,H,0.919646829366684,0.5201494991779327,0.3922240734100342,0.417344868183136,0.8387889713048935,0.8228698819875717,0.8236009627580643,0.7579810172319412,0.7430242896080017,0.7468954920768738,0.7203595340251923,0.6761029660701752,rock,rock
60,H,0.8688829839229584,0.6664853096008301,0.5178491771221161,0.5199335813522339,0.8860575258731842,0.8942111060023308,0.8424485474824905,0.7616218477487564,0.7492900788784027,0.7506721168756485,0.7423667907714844,0.7403882145881653,seals,seal
61,H,0.7546103894710541,0.40720999240875244,0.34477829933166504,0.4032512903213501,0.7347227931022644,0.7252326905727386,0.6799183189868927,0.5595604479312897,0.5440115332603455,0.5447210371494293,0.5311318933963776,0.4813278317451477,second,second
62,H,0.9190973117947578,0.5268810987472534,0.4184420704841614,0.493671178817749,0.8928172141313553,0.84916952252388,0.8159236311912537,0.6874389350414276,0.6999451220035553,0.6993513703346252,0.6796534955501556,0.6315420866012573,spade,spade
63,H,0.9572861641645432,0.5688687562942505,0.470636785030365,0.5596463978290558,0.8984818905591965,0.8751496896147728,0.8410080373287201,0.7978336811065674,0.7943927645683289,0.7783967703580856,0.7615156024694443,0.7149525284767151,stall,stall
64,H,0.9345157966017723,0.6563446223735809,0.5222130119800568,0.593750536441803,0.9050948694348335,0.8599602580070496,0.8249654173851013,0.7537502199411392,0.7499551773071289,0.7821778059005737,0.7583411335945129,0.7562218308448792,staple,staple
65,H,0.9252200052142143,0.6903579831123352,0.5969292521476746,0.6491347849369049,0.9127428904175758,0.9121960997581482,0.869857907295227,0.8423008322715759,0.8008588701486588,0.8704569339752197,0.8530712127685547,0.8171157240867615,stud,stud
66,H,0.9012647047638893,0.649594634771347,0.5539308786392212,0.5812979936599731,0.8752932325005531,0.8571184426546097,0.8462958931922913,0.7831071466207504,0.7607446610927582,0.8047926872968674,0.7824884057044983,0.7341660559177399,subway,subway
67,H,0.9171401858329773,0.4815990924835205,0.413332462310791,0.42109018564224243,0.8840151354670525,0.845776841044426,0.7713380306959152,0.6962611079216003,0.6590373516082764,0.6357879936695099,0.6285869479179382,0.5733708143234253,swallow,swallow
68,H,0.9344009235501289,0.6957161724567413,0.5698211789131165,0.594650149345398,0.9227069988846779,0.8640116155147552,0.8467461466789246,0.8141083419322968,0.7922336161136627,0.7796160280704498,0.7426659166812897,0.7290782630443573,tag,tag
69,H,0.8044369965791702,0.5927371382713318,0.5304683744907379,0.5916435718536377,0.7475873827934265,0.8164935261011124,0.7687322348356247,0.6969438791275024,0.7357331216335297,0.7703095227479935,0.7234540581703186,0.6862457692623138,tart,tart
70,H,0.894413486123085,0.6288204789161682,0.5366528332233429,0.5708248913288116,0.8791641220450401,0.8496177643537521,0.8129851371049881,0.7511539608240128,0.770523726940155,0.788740262389183,0.7455851137638092,0.7587528228759766,tear,tear
71,H,0.8659113347530365,0.4314895272254944,0.36752861738204956,0.4377104640007019,0.839644193649292,0.787657156586647,0.7808221876621246,0.7031848132610321,0.6847209334373474,0.6397166848182678,0.5718414783477783,0.5445792973041534,temple,temple
72,H,0.9602551981806755,0.5726913511753082,0.5121047496795654,0.5279291868209839,0.9166442453861237,0.8861726820468903,0.8612915724515915,0.7532355189323425,0.7438002228736877,0.7026594281196594,0.7015523612499237,0.6421132683753967,tick,tick
73,H,0.8945598527789116,0.5788236260414124,0.5013532936573029,0.5754461288452148,0.8837093338370323,0.8394549041986465,0.7884856313467026,0.7251660227775574,0.748058021068573,0.7556682080030441,0.7113747894763947,0.6491965353488922,tip,tip
74,H,0.9532413706183434,0.6116812229156494,0.5357592105865479,0.5310608744621277,0.8894546180963516,0.8698033839464188,0.902033843100071,0.8553099036216736,0.8416043221950531,0.8237227499485016,0.7940175086259842,0.6774123907089233,vault,vault
75,H,0.9241780862212181,0.5740644037723541,0.46175456047058105,0.506067305803299,0.8942651376128197,0.8671791106462479,0.853392481803894,0.8047060072422028,0.7868078052997589,0.7645750641822815,0.7462359964847565,0.6708432734012604,vet,vet
76,H,0.9826210085302591,0.6304441094398499,0.525306910276413,0.5864255726337433,0.9553283229470253,0.9521987289190292,0.8988717645406723,0.8390192091464996,0.809548020362854,0.8367600440979004,0.8069219142198563,0.7267508506774902,will,will
77,H,0.9259433150291443,0.5816021859645844,0.4815738797187805,0.51323601603508,0.9326962903141975,0.9263251945376396,0.914501428604126,0.8503114134073257,0.8007915019989014,0.8259243965148926,0.7950693964958191,0.7278885543346405,yard,yard
78,IP,0.051760733127593994,0.18681997060775757,0.14742958545684814,0.17056530714035034,0.06214421987533569,0.08789294958114624,0.1143384575843811,0.19165611267089844,0.17736518383026123,0.20140743255615234,0.1888144612312317,0.18802273273468018,admitted,admit
79,IP,0.8382667899131775,0.44586795568466187,0.3573794960975647,0.397455632686615,0.8014796227216721,0.7628785371780396,0.7472012937068939,0.7004164159297943,0.7028437256813049,0.675736665725708,0.5996451675891876,0.5721649825572968,answer,answer
80,IP,0.8940485566854477,0.5917512774467468,0.5249826610088348,0.5675698816776276,0.8927507773041725,0.9020753353834152,0.8618409037590027,0.7609348744153976,0.7793504893779755,0.7958902418613434,0.79740771651268,0.7464500069618225,appeal,appeal
81,IP,0.8818860799074173,0.5539000928401947,0.4352809190750122,0.43776190280914307,0.8657857775688171,0.8715136498212814,0.8684520125389099,0.7951409667730331,0.7637729197740555,0.7440632283687592,0.6990261673927307,0.636705070734024,balance,balance
82,IP,0.9037038087844849,0.6798854470252991,0.600147008895874,0.6058423519134521,0.8952876031398773,0.8987860605120659,0.9038855209946632,0.8473756909370422,0.8667040914297104,0.866152822971344,0.8434596955776215,0.773683950304985,bar,bar
83,IP,0.8936846107244492,0.5449120104312897,0.4171186089515686,0.46019595861434937,0.880237303674221,0.8572185188531876,0.829357773065567,0.7927211672067642,0.794398233294487,0.7732764333486557,0.7155733108520508,0.6381465196609497,base,base
84,IP,0.8432300984859467,0.5505631864070892,0.4691227078437805,0.5225353538990021,0.8316831290721893,0.8050651997327805,0.771123006939888,0.7030480802059174,0.703384280204773,0.7018574178218842,0.6766718924045563,0.6512256264686584,beam,beam
85,IP,0.8700869083404541,0.5160033106803894,0.4360601305961609,0.4789476990699768,0.859488770365715,0.8375384956598282,0.739567905664444,0.6716905832290649,0.6890984177589417,0.721718817949295,0.6904570758342743,0.6729115843772888,bitterness,bitterness
86,IP,0.057851970195770264,0.10479336977005005,0.08798927068710327,0.08587074279785156,0.06271892786026001,0.07865184545516968,0.09597456455230713,0.14252686500549316,0.12537872791290283,0.1109781265258789,0.1139833927154541,0.11254221200942993,brass,brass
87,IP,0.9164470806717873,0.5516932308673859,0.42808449268341064,0.4557948112487793,0.896021693944931,0.8889162614941597,0.8591432273387909,0.7942521870136261,0.7790421843528748,0.814504936337471,0.7784634828567505,0.7043976485729218,break,break
88,IP,0.9409815929830074,0.6453923285007477,0.5550135970115662,0.6682504713535309,0.9136451110243797,0.8642200231552124,0.8282053023576736,0.8079610615968704,0.8043304532766342,0.835225909948349,0.798863023519516,0.7155486345291138,cabinet,cabinet
89,IP,0.8574084043502808,0.6508874297142029,0.5671396553516388,0.5933166742324829,0.8458572179079056,0.8144396096467972,0.7894309312105179,0.7521714270114899,0.7629146724939346,0.7391656935214996,0.7012882232666016,0.7136177122592926,cardinal,cardinal
90,IP,0.8587666451931,0.735628753900528,0.642335832118988,0.6830203235149384,0.8521248698234558,0.8431174457073212,0.8321546465158463,0.8387642055749893,0.8578991889953613,0.8782410472631454,0.842733159661293,0.7989434897899628,cast,cast
91,IP,0.8183141201734543,0.43864041566848755,0.3460439443588257,0.4204842448234558,0.755019798874855,0.7150191068649292,0.7154743373394012,0.6856503188610077,0.6488762497901917,0.6494093239307404,0.6189401149749756,0.5404970943927765,change,change
92,IP,0.9020941704511642,0.6978411972522736,0.5808416306972504,0.6123751997947693,0.8462479114532471,0.8561297804117203,0.8401971608400345,0.8015489280223846,0.809198334813118,0.8424500077962875,0.8436554670333862,0.8385352343320847,character,character
93,IP,0.9223797395825386,0.5627431869506836,0.4883396029472351,0.5459582209587097,0.8801941126585007,0.8627377301454544,0.8164325803518295,0.7940602898597717,0.7725166082382202,0.8103573471307755,0.7656931132078171,0.7063663601875305,charm,charm
94,IP,0.8648203611373901,0.527544230222702,0.43628257513046265,0.4449780583381653,0.8375370800495148,0.8091028779745102,0.7773916870355606,0.7164989709854126,0.7093484103679657,0.714939147233963,0.6666333079338074,0.5970286130905151,check,check
95,IP,0.8109427094459534,0.33658498525619507,0.29825544357299805,0.31597113609313965,0.7388707101345062,0.7261067628860474,0.6928985416889191,0.6030418276786804,0.5689055025577545,0.5636598169803619,0.5126184523105621,0.453127384185791,clogs,clog
96,IP,0.920359879732132,0.7406629621982574,0.6978452205657959,0.7633560448884964,0.8731293678283691,0.8429611325263977,0.8274067938327789,0.7641324698925018,0.7766425609588623,0.7988743484020233,0.7834297120571136,0.7865819931030273,column,column
97,IP,0.8831362128257751,0.5058657824993134,0.3935237526893616,0.42034828662872314,0.8352693915367126,0.8374412059783936,0.8091127574443817,0.7629594057798386,0.795819953083992,0.8036662936210632,0.700146496295929,0.6126399636268616,core,core
98,IP,0.9152575805783272,0.6909127235412598,0.5663309991359711,0.6067757606506348,0.8871848881244659,0.8933647945523262,0.8538437932729721,0.8117320835590363,0.8058274537324905,0.7968307286500931,0.7953124046325684,0.7665614038705826,court,court
99,IP,0.8889830037951469,0.6479532122612,0.5360565781593323,0.5557540953159332,0.8690815269947052,0.8744759261608124,0.8381046801805496,0.7753874212503433,0.7760350406169891,0.784678041934967,0.7753501236438751,0.7450651526451111,crane,crane
100,IP,0.8789791688323021,0.6712031960487366,0.5411675274372101,0.6122604012489319,0.8847074657678604,0.8864378929138184,0.8895532265305519,0.8571722209453583,0.8252816498279572,0.7677720636129379,0.7510709166526794,0.7541435956954956,curse,curse
101,IP,0.9008999615907669,0.5633111596107483,0.491668164730072,0.529021829366684,0.8746722042560577,0.8261258006095886,0.7936966866254807,0.7027045786380768,0.7046795785427094,0.7049405574798584,0.7497571706771851,0.7018580138683319,cycle,cycle
102,IP,0.8904194161295891,0.5974588394165039,0.507973849773407,0.5517990589141846,0.8742586374282837,0.8519058078527451,0.8032475709915161,0.7146433293819427,0.7158298194408417,0.7031846046447754,0.68888258934021,0.6595906913280487,danish,danish
103,IP,0.8522719889879227,0.6166065037250519,0.507782518863678,0.5243853032588959,0.824208602309227,0.8353929966688156,0.817772775888443,0.7674888372421265,0.8052341938018799,0.8000610023736954,0.7560964822769165,0.691252201795578,deck,deck
104,IP,0.8185892403125763,0.6765894889831543,0.5699819028377533,0.6314080357551575,0.8004574924707413,0.8243062645196915,0.7986233830451965,0.7413887679576874,0.7570439577102661,0.7910002171993256,0.7721247225999832,0.762906402349472,deed,deed
105,IP,0.889161191880703,0.7075929641723633,0.6329930424690247,0.7008990347385406,0.8644900470972061,0.8636509329080582,0.832914263010025,0.7623886168003082,0.7677091658115387,0.778002455830574,0.8207214176654816,0.8040265291929245,degree,degree
106,IP,0.9357153624296188,0.6270367205142975,0.531422346830368,0.5492498874664307,0.8506084382534027,0.8307216912508011,0.8321492075920105,0.7853994220495224,0.7878988683223724,0.7896556109189987,0.7487180531024933,0.6853843629360199,diet,diet
107,IP,0.9012896120548248,0.46974390745162964,0.3953787684440613,0.44637012481689453,0.8640851080417633,0.8690668493509293,0.8441836833953857,0.7704591453075409,0.7483888268470764,0.716393917798996,0.6707453429698944,0.5861425399780273,difference,difference
108,IP,0.9432736933231354,0.5630905330181122,0.4550026059150696,0.4901319742202759,0.9077964350581169,0.8887238577008247,0.8522489666938782,0.7838300317525864,0.779164120554924,0.7720611840486526,0.7102848291397095,0.6264198124408722,dip,dip
109,IP,0.910626158118248,0.6564574837684631,0.512709379196167,0.5829788148403168,0.944061066955328,0.9311425685882568,0.9004542976617813,0.8401697874069214,0.8340834379196167,0.8052217811346054,0.7950502783060074,0.7463267743587494,draft,draft
110,IP,0.8695553690195084,0.5980936586856842,0.45661836862564087,0.4915202260017395,0.8617102801799774,0.8728798776865005,0.8268851041793823,0.7780513018369675,0.7822568416595459,0.7811640799045563,0.7709641605615616,0.7094356417655945,drill,drill
111,IP,0.9056297913193703,0.3955041766166687,0.3567317724227905,0.3493958115577698,0.8675043433904648,0.8408757895231247,0.7855311632156372,0.6380063593387604,0.667766809463501,0.6019613742828369,0.6042054891586304,0.4940941333770752,drink,drink
112,IP,0.8974585309624672,0.5061592757701874,0.39427298307418823,0.46692144870758057,0.8494124412536621,0.822477176785469,0.7570522129535675,0.7177104353904724,0.7436693608760834,0.7430156767368317,0.6926344037055969,0.6494272947311401,drops,drop
113,IP,0.7799510359764099,0.578983336687088,0.4935065507888794,0.4904400110244751,0.7363551557064056,0.7844968438148499,0.6987529397010803,0.6630231142044067,0.6963602006435394,0.7154172956943512,0.6915873289108276,0.6462514996528625,drumsticks,drumstick
114,IP,0.873089000582695,0.4544076919555664,0.36793971061706543,0.4329221248626709,0.8581884950399399,0.8506819307804108,0.7782913446426392,0.7123565375804901,0.6996817588806152,0.6941983997821808,0.6424432992935181,0.5852197408676147,fat,fat
115,IP,0.9233177900314331,0.710892915725708,0.6253443360328674,0.6371057033538818,0.893479585647583,0.9124787300825119,0.8852387517690659,0.8124151229858398,0.8166194409132004,0.8467119038105011,0.8059816360473633,0.7728184759616852,fault,fault
116,IP,0.8293425142765045,0.648340106010437,0.5802625119686127,0.6575407385826111,0.810936838388443,0.7934246510267258,0.779967799782753,0.7470525205135345,0.8062081634998322,0.8432095348834991,0.8109498172998428,0.7307608127593994,fortune,fortune
117,IP,0.898816429078579,0.6042695641517639,0.49708878993988037,0.5607946515083313,0.8771756067872047,0.8729472160339355,0.8691502958536148,0.7895963937044144,0.8221682012081146,0.8232748061418533,0.7911665737628937,0.7230369746685028,function,function
118,IP,0.9171076342463493,0.5641175806522369,0.4355495572090149,0.4715350866317749,0.910979837179184,0.88984464854002,0.8499103337526321,0.764307364821434,0.7518228143453598,0.7163342833518982,0.7075527012348175,0.6534049212932587,fur,fur
119,IP,0.9001982063055038,0.6813352406024933,0.5854030847549438,0.6329932808876038,0.8377469778060913,0.8577858954668045,0.8072135746479034,0.7674817889928818,0.7689343392848969,0.8081349283456802,0.7589797377586365,0.7383274734020233,gear,gear
120,IP,0.8534750491380692,0.6137082278728485,0.5144265294075012,0.5652826726436615,0.879959762096405,0.8725041151046753,0.8399670422077179,0.7658204585313797,0.7304315865039825,0.759779542684555,0.760382205247879,0.7137393355369568,goal,goal
121,IP,0.9265231415629387,0.5666291415691376,0.42282432317733765,0.3568383455276489,0.8732009530067444,0.867684930562973,0.8468517363071442,0.7551200985908508,0.740509569644928,0.7112506330013275,0.7018860280513763,0.6846035718917847,grace,grace
122,IP,0.9212211817502975,0.6199203431606293,0.5159538090229034,0.616907924413681,0.8794757649302483,0.8402224034070969,0.8123805075883865,0.7439600825309753,0.7438472807407379,0.7762758433818817,0.7228113114833832,0.6790097951889038,guide,guide
123,IP,0.8791238963603973,0.5165863335132599,0.4315425157546997,0.4979345202445984,0.8374954760074615,0.819063663482666,0.7878651320934296,0.6821871101856232,0.6819062530994415,0.6725349426269531,0.6597345769405365,0.6269420385360718,introduction,introduction
124,IP,0.8808789402246475,0.4186621904373169,0.3087891936302185,0.3942444324493408,0.8271037340164185,0.7867841124534607,0.728581964969635,0.656735748052597,0.6587696075439453,0.6596435904502869,0.631786435842514,0.5790329873561859,iron,iron
125,IP,0.9050089046359062,0.3300703167915344,0.2566679120063782,0.2964079976081848,0.8400181531906128,0.8391900360584259,0.7712073475122452,0.6851843893527985,0.6628982126712799,0.6585336029529572,0.5825302600860596,0.5309017300605774,issues,issue
126,IP,0.9100335836410522,0.5490943193435669,0.41585415601730347,0.46023839712142944,0.8796788677573204,0.873538538813591,0.8263659328222275,0.7666083574295044,0.7511942833662033,0.7561243921518326,0.7234362363815308,0.6440656781196594,jingle,jingle
127,IP,0.8244914710521698,0.7444642186164856,0.6941476762294769,0.7607536315917969,0.8108511120080948,0.8190734088420868,0.823048546910286,0.7645691782236099,0.7754295021295547,0.8191371709108353,0.7992630898952484,0.7757881581783295,lace,lace
128,IP,0.8865943402051926,0.7088292837142944,0.6498912572860718,0.6758430898189545,0.8855247050523758,0.8881439194083214,0.8394363969564438,0.8143623620271683,0.807939276099205,0.8015316277742386,0.8164021968841553,0.7765275985002518,lord,lord
129,IP,0.9382988326251507,0.5683408975601196,0.4472150206565857,0.49812960624694824,0.8758275806903839,0.8501407206058502,0.8111828118562698,0.7323866784572601,0.7312528491020203,0.7420896589756012,0.7093937397003174,0.6830965280532837,monitor,monitor
130,IP,0.8425074517726898,0.6754220724105835,0.5694800615310669,0.5653800070285797,0.7814435064792633,0.7690771073102951,0.7874519377946854,0.7573004513978958,0.753842294216156,0.7899689823389053,0.7360777258872986,0.7364162802696228,music,music
131,IP,0.861132800579071,0.3753015398979187,0.3047029972076416,0.3071141242980957,0.7913074642419815,0.7718910574913025,0.7310985028743744,0.6736572086811066,0.6681021451950073,0.648119330406189,0.5920208394527435,0.5305803716182709,nail,nail
132,IP,0.03882133960723877,0.09620124101638794,0.07439684867858887,0.07682913541793823,0.04785376787185669,0.07360917329788208,0.0974225401878357,0.1596023440361023,0.12494122982025146,0.13879209756851196,0.1401844024658203,0.1313626766204834,odd,odd
133,IP,0.8532238453626633,0.47894859313964844,0.43882548809051514,0.45359891653060913,0.839101105928421,0.8282658904790878,0.7404831349849701,0.6404350697994232,0.6505246758460999,0.6407999992370605,0.5814964771270752,0.5571087002754211,oil,oil
134,IP,0.8691053092479706,0.46608394384384155,0.3494519591331482,0.4270278811454773,0.8234902918338776,0.8012553304433823,0.752790242433548,0.6643567383289337,0.6744473874568939,0.6792015433311462,0.618266224861145,0.557707667350769,opening,opening
135,IP,0.821806326508522,0.5028872489929199,0.369270920753479,0.40330058336257935,0.8237891346216202,0.8567929118871689,0.7982665002346039,0.7254841923713684,0.7398595809936523,0.7047222554683685,0.6261312961578369,0.5983782708644867,operation,operation
136,IP,0.8382772356271744,0.499101459980011,0.42686325311660767,0.4233454465866089,0.8420137465000153,0.8256519287824631,0.7973771095275879,0.6753223538398743,0.7072492837905884,0.7069891691207886,0.6565990149974823,0.5655208230018616,order,order
137,IP,0.8904964253306389,0.5618966817855835,0.44336599111557007,0.5012854933738708,0.8473879545927048,0.858817383646965,0.8164158761501312,0.7512710392475128,0.7615489214658737,0.7423096001148224,0.6806496381759644,0.6539598107337952,panel,panel
138,IP,0.8747413605451584,0.5724362730979919,0.4650214910507202,0.5343429744243622,0.8778894990682602,0.8497637510299683,0.8036646246910095,0.7041581571102142,0.7132658064365387,0.7001271843910217,0.7006545066833496,0.6568920314311981,passage,passage
139,IP,0.9448134899139404,0.5227644741535187,0.41472357511520386,0.46314024925231934,0.9062250927090645,0.8649995476007462,0.8279314637184143,0.7616230845451355,0.7585200220346451,0.7297041118144989,0.7188892662525177,0.6720520257949829,pipe,pipe
140,IP,0.9027431681752205,0.5396295487880707,0.41680651903152466,0.44847047328948975,0.8830889612436295,0.8735221028327942,0.8786537423729897,0.8278156816959381,0.8438880741596222,0.8523468673229218,0.792969673871994,0.6851042211055756,reaction,reaction
141,IP,0.8860219419002533,0.5954866409301758,0.47003376483917236,0.5115439295768738,0.8912699818611145,0.9102949947118759,0.8916861265897751,0.8046781420707703,0.8005522340536118,0.7753168940544128,0.7464957237243652,0.7038277387619019,reservation,reservation
142,IP,0.9102519378066063,0.5532944202423096,0.4411389231681824,0.4762839674949646,0.8386832177639008,0.8365204185247421,0.7961188107728958,0.70330610871315,0.7060295641422272,0.7017470896244049,0.6838420331478119,0.6137919425964355,review,review
143,IP,0.8050034791231155,0.5386966168880463,0.45006561279296875,0.5136645436286926,0.7613503485918045,0.7169840335845947,0.6932987570762634,0.6468615531921387,0.6611236333847046,0.686238169670105,0.665237694978714,0.6482353806495667,ruler,ruler
144,IP,0.9061095267534256,0.6752380728721619,0.5313730835914612,0.5948469042778015,0.8772670328617096,0.863674521446228,0.870720848441124,0.8366446942090988,0.865797147154808,0.8489141911268234,0.8137757182121277,0.7502621710300446,scene,scene
145,IP,0.9399359039962292,0.5788248479366302,0.4472947120666504,0.4978998899459839,0.8853380084037781,0.8559449166059494,0.8278763741254807,0.774240180850029,0.7676578015089035,0.7588798254728317,0.774097666144371,0.7000210583209991,sheet,sheet
146,IP,0.8971327543258667,0.4548237919807434,0.3866925835609436,0.43310725688934326,0.8538964688777924,0.8223919719457626,0.7809216380119324,0.6672973930835724,0.6861733496189117,0.6756735146045685,0.6365556716918945,0.5584099292755127,solution,solution
147,IP,0.8797609880566597,0.4631754159927368,0.3562970757484436,0.39723145961761475,0.8449735939502716,0.8295307755470276,0.7911325097084045,0.6970047652721405,0.6785274744033813,0.6805783212184906,0.6498878300189972,0.5682824552059174,speaker,speaker
148,IP,0.9504960738122463,0.46971601247787476,0.38181108236312866,0.4480816721916199,0.9238903969526291,0.9119384288787842,0.8392318934202194,0.7658365666866302,0.7379801869392395,0.7020045816898346,0.7059384286403656,0.6187013685703278,steps,step
149,IP,0.8874335065484047,0.5720658004283905,0.47542721033096313,0.5109676420688629,0.8528912663459778,0.8674357682466507,0.8362544476985931,0.7853070199489594,0.7745536118745804,0.7634180784225464,0.7331790328025818,0.6872852742671967,straw,straw
150,IP,0.8488596975803375,0.49162453413009644,0.3727495074272156,0.4334135055541992,0.8153216391801834,0.8288547992706299,0.7987931221723557,0.7388809621334076,0.7103618085384369,0.7042055130004883,0.672177791595459,0.5805338323116302,strings,strings
151,IP,0.8450800776481628,0.5745340585708618,0.45472198724746704,0.48222529888153076,0.7993830591440201,0.8279436975717545,0.8264619261026382,0.7775625139474869,0.8130270689725876,0.8011544793844223,0.7649066895246506,0.6979661583900452,sun,sun
152,IP,0.900322675704956,0.5435357689857483,0.44482922554016113,0.4798220992088318,0.8619695752859116,0.834646001458168,0.8016912043094635,0.7315933406352997,0.7419198751449585,0.7541596740484238,0.7117348611354828,0.5962522625923157,target,target
153,IP,0.9096287563443184,0.5185904800891876,0.42705392837524414,0.5320162177085876,0.8625790774822235,0.8383029997348785,0.8216773867607117,0.7618101835250854,0.7694684118032455,0.750720202922821,0.728141188621521,0.6568697094917297,trip,trip
154,IP,0.8643717169761658,0.5320280492305756,0.4361618161201477,0.5540030896663666,0.8390731662511826,0.8066501170396805,0.7615325301885605,0.6925312578678131,0.6965031027793884,0.7107404172420502,0.6947669684886932,0.5851625204086304,vessel,vessel
155,IP,0.8813295289874077,0.5700472593307495,0.49177640676498413,0.515357255935669,0.8248036950826645,0.7872299253940582,0.7567773014307022,0.7182397246360779,0.7024921178817749,0.7031058073043823,0.6785176396369934,0.6068858206272125,volume,volume
156,IP,0.8789750263094902,0.6100246906280518,0.5319862365722656,0.5055230259895325,0.8817411810159683,0.8974826782941818,0.812637135386467,0.7696571350097656,0.7611031532287598,0.7676064968109131,0.7635802030563354,0.7145352959632874,watch,watch
157,IP,0.8898213878273964,0.6521509885787964,0.49940675497055054,0.4991856813430786,0.8774879202246666,0.8502475470304489,0.8155718296766281,0.7737970501184464,0.7809381037950516,0.7626058757305145,0.7467578649520874,0.739270955324173,weed,weed
158,RP,0.8982262164354324,0.6527940034866333,0.579138457775116,0.6408683955669403,0.8638029247522354,0.8461967706680298,0.8105005323886871,0.7685206234455109,0.8061685115098953,0.768755629658699,0.7332143187522888,0.6927637457847595,back,back
159,RP,0.9089877679944038,0.6592079401016235,0.5780090987682343,0.6251871585845947,0.843158408999443,0.8264070898294449,0.7881546467542648,0.7089675068855286,0.7264253795146942,0.7461208999156952,0.7685892581939697,0.7397899031639099,basketball,basketball
160,RP,0.8644674718379974,0.39898616075515747,0.34317469596862793,0.3501375913619995,0.8230723887681961,0.7649648934602737,0.7111933529376984,0.6241001784801483,0.618946760892868,0.6543922126293182,0.6133616268634796,0.515392005443573,beatles,beatles
161,RP,0.8457613587379456,0.5924805104732513,0.5279726684093475,0.5211862623691559,0.8166828155517578,0.7615292966365814,0.7581741660833359,0.727888286113739,0.6898885369300842,0.7164003551006317,0.6914208829402924,0.6625443696975708,beethoven,beethoven
162,RP,0.8524575680494308,0.4535256624221802,0.37808650732040405,0.42758500576019287,0.7937835156917572,0.7683666795492172,0.7376799285411835,0.692909449338913,0.7077846229076385,0.732778012752533,0.6677952110767365,0.59251469373703,book,book
163,RP,0.8710190951824188,0.4380653500556946,0.3535642623901367,0.3804948925971985,0.8139761388301849,0.8133097887039185,0.7318671345710754,0.6627799570560455,0.6604984402656555,0.6301936209201813,0.5891076028347015,0.5470851063728333,bottle,bottle
164,RP,0.8148514330387115,0.675214946269989,0.6148912012577057,0.6769747138023376,0.8052592575550079,0.7594467848539352,0.7334175109863281,0.7480845749378204,0.7659522891044617,0.7730156630277634,0.7381536662578583,0.7463251352310181,briefcase,briefcase
165,RP,0.8731987327337265,0.4679518938064575,0.3826175332069397,0.38849157094955444,0.8597228825092316,0.8406031876802444,0.7547512203454971,0.6928401589393616,0.7088470757007599,0.6699450612068176,0.645478218793869,0.6072253286838531,bucket,bucket
166,RP,0.8306960165500641,0.5408537089824677,0.4570821523666382,0.49043989181518555,0.8216147571802139,0.8415676653385162,0.7798871845006943,0.6687533259391785,0.6622527241706848,0.65803661942482,0.6309264302253723,0.605351448059082,cabbage,cabbage
167,RP,0.8418537080287933,0.5057216584682465,0.4544309377670288,0.46471208333969116,0.8131848275661469,0.7629523426294327,0.7404571771621704,0.6690933704376221,0.6868918538093567,0.6915773451328278,0.7016720771789551,0.6405423283576965,carton,carton
168,RP,0.9193237945437431,0.601737380027771,0.49211061000823975,0.49057483673095703,0.863398864865303,0.869910404086113,0.8090639114379883,0.7738109529018402,0.7833362966775894,0.7670490741729736,0.7222767472267151,0.6884630024433136,cauldron,cauldron
169,RP,0.9020812660455704,0.4894571304321289,0.38630741834640503,0.41208815574645996,0.853129431605339,0.8524953424930573,0.8419601023197174,0.7757592052221298,0.7723523527383804,0.769026905298233,0.7156217992305756,0.6167395412921906,cedar,cedar
170,RP,0.8028895854949951,0.39696425199508667,0.31065696477890015,0.3182830810546875,0.7586500495672226,0.7857073098421097,0.7115432918071747,0.6270149052143097,0.6706900894641876,0.6673978269100189,0.6207897663116455,0.555976927280426,chicken,chicken
171,RP,0.890661396086216,0.6426104605197906,0.5551921129226685,0.5803240835666656,0.9037374332547188,0.8996282294392586,0.8848153054714203,0.8110159784555435,0.801287055015564,0.7995628118515015,0.785434752702713,0.7303682863712311,chimney,chimney
172,RP,0.8285617381334305,0.5779972076416016,0.4596906304359436,0.4623382091522217,0.7745532095432281,0.7579026073217392,0.7336234152317047,0.6632542312145233,0.6695037484169006,0.6650840938091278,0.6380005776882172,0.6726473867893219,chinese,chinese
173,RP,0.9284373223781586,0.5758644938468933,0.41807472705841064,0.44315916299819946,0.8674819618463516,0.8666942119598389,0.8637850731611252,0.8247966319322586,0.8122418969869614,0.8171469122171402,0.7954445481300354,0.730728954076767,church,church
174,RP,0.8357010930776596,0.4065099358558655,0.3238019347190857,0.34365177154541016,0.789545550942421,0.7828506529331207,0.7217135429382324,0.6537124812602997,0.6602772772312164,0.6222264170646667,0.6086112856864929,0.523111879825592,cotton,cotton
175,RP,0.7878416329622269,0.5795770585536957,0.498396098613739,0.51279017329216,0.7612667828798294,0.7736545354127884,0.7385143041610718,0.7038123905658722,0.6997938752174377,0.7345095276832581,0.6889785826206207,0.6619075834751129,cream,cream
176,RP,0.8135340213775635,0.5436282455921173,0.46668797731399536,0.4699494242668152,0.7681824713945389,0.7564603686332703,0.7185250520706177,0.668787807226181,0.6887121796607971,0.6583167910575867,0.6576260626316071,0.6263948082923889,cup,cup
177,RP,0.8128356039524078,0.5160296857357025,0.4536682963371277,0.4753471612930298,0.7628679722547531,0.7474940121173859,0.7478970289230347,0.6453628242015839,0.648240715265274,0.6455475091934204,0.6045998930931091,0.6125422418117523,door,door
178,RP,0.8519893288612366,0.6172295808792114,0.5486609041690826,0.5705623626708984,0.8222523629665375,0.8272308260202408,0.7717710137367249,0.7059637904167175,0.7017776370048523,0.7043660283088684,0.7155830562114716,0.7069414556026459,eggs,eggs
179,RP,0.8672691732645035,0.6243835687637329,0.504420280456543,0.43836331367492676,0.8111054301261902,0.7589752525091171,0.7979301810264587,0.7496220171451569,0.7183795869350433,0.7267841100692749,0.7044401168823242,0.680296003818512,elvis,elvis
180,RP,0.9040893390774727,0.5637326538562775,0.43453890085220337,0.4439634680747986,0.87142114341259,0.837143287062645,0.7983544766902924,0.7182348072528839,0.7105765342712402,0.7405272126197815,0.7099294662475586,0.6700751185417175,emerald,emerald
181,RP,0.8242947459220886,0.49160534143447876,0.3952541947364807,0.4794583320617676,0.7593489736318588,0.7913796305656433,0.7374533414840698,0.6944442987442017,0.6909268796443939,0.713464081287384,0.6819266676902771,0.6298781037330627,fish,fish
182,RP,0.6509650349617004,0.433576762676239,0.3761979937553406,0.3603929877281189,0.5798048377037048,0.6565604209899902,0.6614292562007904,0.6056803166866302,0.623350977897644,0.6115239560604095,0.551673024892807,0.5099627375602722,flask,flask
183,RP,0.8639627397060394,0.5181936621665955,0.4043012261390686,0.4345536231994629,0.8355487436056137,0.8229234963655472,0.7833486050367355,0.739932507276535,0.7440924048423767,0.7382794618606567,0.7122901082038879,0.6270051002502441,gate,gate
184,RP,0.8719819933176041,0.6678908467292786,0.5265319347381592,0.5589511096477509,0.8494988530874252,0.7803285866975784,0.8131806999444962,0.780444324016571,0.7728000730276108,0.8152566701173782,0.80123470723629,0.7881411463022232,german,german
185,RP,0.8981931954622269,0.5486055910587311,0.4527813196182251,0.4776989817619324,0.8909805864095688,0.868351012468338,0.819259911775589,0.7674921751022339,0.7759142071008682,0.7669020295143127,0.746850460767746,0.7052208483219147,heart,heart
186,RP,0.8568059206008911,0.6038163602352142,0.4899098873138428,0.5312799513339996,0.8060791343450546,0.7865192294120789,0.7417501211166382,0.6963236629962921,0.6848964989185333,0.6996253728866577,0.6645479500293732,0.6593847572803497,hemingway,hemingway
187,RP,0.8732993304729462,0.6687065064907074,0.5476388037204742,0.4253239631652832,0.8734965473413467,0.9097942262887955,0.9039236828684807,0.8287333846092224,0.8479610085487366,0.8218151926994324,0.7625226378440857,0.7280296087265015,hip-hop,hip-hop
188,RP,0.9653084836900234,0.5737408995628357,0.4105868935585022,0.40195000171661377,0.8841539472341537,0.8663541525602341,0.811796024441719,0.7521171420812607,0.7585713118314743,0.7656787186861038,0.7056111991405487,0.6764712631702423,hiroshima,hiroshima
189,RP,0.8823078125715256,0.39505791664123535,0.2602881193161011,0.2878364324569702,0.8395075649023056,0.8119799345731735,0.7819970995187759,0.6650499701499939,0.6365515887737274,0.6231377124786377,0.6180421113967896,0.5429501533508301,hollywood,hollywood
190,RP,0.8655181974172592,0.5843250453472137,0.482893705368042,0.48583322763442993,0.7984143495559692,0.7779110372066498,0.7644505649805069,0.7037847638130188,0.7111929357051849,0.7074752151966095,0.6992078125476837,0.6791782081127167,hospital,hospital
191,RP,0.9035528302192688,0.5851177275180817,0.4614560008049011,0.48977214097976685,0.854094609618187,0.8397223055362701,0.8012052327394485,0.7388635277748108,0.7332543134689331,0.6988689303398132,0.6692572236061096,0.6503882110118866,iraq,iraq
192,RP,0.829054445028305,0.5964860022068024,0.4686766266822815,0.44632136821746826,0.8322885781526566,0.8399042040109634,0.8304175138473511,0.7880272716283798,0.7509436756372452,0.7322363555431366,0.7273145616054535,0.7158065140247345,ivory,ivory
193,RP,0.9447190463542938,0.6109597682952881,0.48646509647369385,0.5026938915252686,0.9226800203323364,0.88956169039011,0.8608925640583038,0.8085469752550125,0.8148734718561172,0.8070149719715118,0.7467442154884338,0.7034048140048981,jade,jade
194,RP,0.07277113199234009,0.11470586061477661,0.09159713983535767,0.10240286588668823,0.07211875915527344,0.0834040641784668,0.12118399143218994,0.16166281700134277,0.14147824048995972,0.1450147032737732,0.15207123756408691,0.148578941822052,japanese,japanese
195,RP,0.8732102364301682,0.5321674346923828,0.45936906337738037,0.4531237483024597,0.8477221429347992,0.7956615537405014,0.7307825088500977,0.6741846203804016,0.6436732411384583,0.655616044998169,0.6641469597816467,0.6567263603210449,jug,jug
196,RP,0.6775761544704437,0.26652365922927856,0.22521036863327026,0.22360080480575562,0.6380703449249268,0.7094109058380127,0.6076398193836212,0.5588712096214294,0.5649667978286743,0.48678725957870483,0.4278547167778015,0.37854182720184326,keg,keg
197,RP,0.06000864505767822,0.08036690950393677,0.06500011682510376,0.06826460361480713,0.06534510850906372,0.08036988973617554,0.0822300910949707,0.13683927059173584,0.12041759490966797,0.10740864276885986,0.10924780368804932,0.10953766107559204,korean,korean
198,RP,0.9115647971630096,0.6268889307975769,0.5184007287025452,0.5282886922359467,0.8298549205064774,0.8514039516448975,0.7777548879384995,0.7159906029701233,0.7271519899368286,0.7179147303104401,0.7322715520858765,0.6951074600219727,lamb,lamb
199,RP,0.9002341106534004,0.5611945986747742,0.4968550205230713,0.45886266231536865,0.8847922533750534,0.8846294358372688,0.8132142722606659,0.7258281707763672,0.7440677285194397,0.7330968081951141,0.7205899953842163,0.6721675097942352,lavender,lavender
200,RP,0.9013804718852043,0.4080852270126343,0.3365689516067505,0.39794689416885376,0.8308914601802826,0.7844987958669662,0.7177742719650269,0.6408368647098541,0.6109330654144287,0.6125589311122894,0.5736787021160126,0.5374304056167603,library,library
201,RP,0.8588999062776566,0.47997069358825684,0.3964054584503174,0.3835335969924927,0.8572982102632523,0.8478114902973175,0.8225004971027374,0.7391349673271179,0.713406503200531,0.6937922239303589,0.6592318713665009,0.601847916841507,lilac,lilac
202,RP,0.9155577942728996,0.5829661786556244,0.5013002753257751,0.5585682094097137,0.8940431773662567,0.8742695599794388,0.8224059194326401,0.744714081287384,0.7682789415121078,0.7629739195108414,0.730135589838028,0.6588959693908691,lobster,lobster
203,RP,0.9401762187480927,0.5980521440505981,0.4857351779937744,0.5124806463718414,0.9056274071335793,0.8835159465670586,0.7857722193002701,0.7194083333015442,0.7264961302280426,0.7031077742576599,0.7098427414894104,0.6739976704120636,maple,maple
204,RP,0.8859665468335152,0.534025251865387,0.43392413854599,0.5061298608779907,0.8341689705848694,0.8296274095773697,0.7833859622478485,0.68199023604393,0.6785191595554352,0.67626091837883,0.6660626828670502,0.6264709234237671,marble,marble
205,RP,0.8610487282276154,0.4263494610786438,0.32420814037323,0.3918610215187073,0.8231343179941177,0.7524832338094711,0.7246499359607697,0.7138942778110504,0.6946924924850464,0.7078592777252197,0.656152993440628,0.5591202974319458,mediterranean,mediterranean
206,RP,0.04031103849411011,0.07931298017501831,0.06242293119430542,0.06351470947265625,0.045187413692474365,0.054358720779418945,0.06948190927505493,0.13432538509368896,0.11602258682250977,0.11005663871765137,0.10597389936447144,0.10671389102935791,mexican,mexican
207,RP,0.9270671457052231,0.6131094694137573,0.5111753344535828,0.49458396434783936,0.8730844706296921,0.8277738243341446,0.8264485448598862,0.7404933869838715,0.7072714567184448,0.6718784272670746,0.6750012934207916,0.6830954849720001,mississippi,mississippi
208,RP,0.8605192452669144,0.6931151747703552,0.6244252026081085,0.6312021911144257,0.7936964333057404,0.8065658807754517,0.8167824000120163,0.7674838602542877,0.7825878411531448,0.7750544548034668,0.7314497530460358,0.7576324045658112,navy,navy
209,RP,0.944489099085331,0.635176956653595,0.5331487357616425,0.6104297041893005,0.9174391850829124,0.9276285469532013,0.8783526122570038,0.8226805478334427,0.8126894980669022,0.7926920354366302,0.7794434279203415,0.7110319435596466,oak,oak
210,RP,0.8807219117879868,0.5908032059669495,0.49758052825927734,0.5372360348701477,0.8480471819639206,0.8445655107498169,0.7796088010072708,0.7225660383701324,0.7238505184650421,0.7442052662372589,0.7098304033279419,0.6987457275390625,orange,orange
211,RP,0.8691467791795731,0.4825780391693115,0.34236449003219604,0.36808139085769653,0.8253854364156723,0.7976181209087372,0.7219714820384979,0.6460801959037781,0.6299720704555511,0.6186993718147278,0.6285127699375153,0.5533691048622131,palace,palace
212,RP,0.9287880137562752,0.5803102552890778,0.4766061305999756,0.58269864320755,0.888765498995781,0.8795256689190865,0.8556879162788391,0.7476415932178497,0.7299544215202332,0.7454238831996918,0.7108888626098633,0.6394842267036438,pentagon,pentagon
213,RP,0.8484416455030441,0.6564580202102661,0.5030035376548767,0.5258050262928009,0.80806964635849,0.8027822077274323,0.7420285940170288,0.6722724139690399,0.6631523072719574,0.6861436069011688,0.6622963845729828,0.689192920923233,picasso,picasso
214,RP,0.8843368887901306,0.6768071949481964,0.5453177988529205,0.6222957074642181,0.8149518519639969,0.7975205481052399,0.7478236854076385,0.7276734113693237,0.7146023511886597,0.6827597916126251,0.7202781736850739,0.7494440972805023,prison,prison
215,RP,0.9064934626221657,0.72983318567276,0.6070148348808289,0.6599226295948029,0.8537861555814743,0.8251078277826309,0.8073920756578445,0.7558211088180542,0.78470778465271,0.7940954715013504,0.7655811309814453,0.744926929473877,pyramid,pyramid
216,RP,0.8306074887514114,0.36280155181884766,0.2750401496887207,0.29796701669692993,0.8109619915485382,0.7709257751703262,0.7129034399986267,0.6113093793392181,0.6383645534515381,0.6158086359500885,0.5868088006973267,0.5371431410312653,recipe,recipe
217,RP,0.8629357069730759,0.560653805732727,0.4515858292579651,0.4925716519355774,0.8316495716571808,0.8456991165876389,0.8552968353033066,0.760097086429596,0.7810890525579453,0.8113168925046921,0.7618628144264221,0.7026352882385254,ruby,ruby
218,RP,0.8521720468997955,0.6671504080295563,0.5976402759552002,0.6199335157871246,0.8114555329084396,0.8103338479995728,0.7661642879247665,0.6822731792926788,0.7025607228279114,0.7238238751888275,0.7198884785175323,0.7136758863925934,shakespeare,shakespeare
219,RP,0.8343991190195084,0.48810017108917236,0.4094109535217285,0.4301871061325073,0.8053746819496155,0.8060003966093063,0.7751707285642624,0.6908052265644073,0.6861731708049774,0.6789548993110657,0.6495221555233002,0.6131464838981628,silver,silver
220,RP,0.8096927851438522,0.5682641565799713,0.4631616473197937,0.5054319500923157,0.7956423163414001,0.7985048145055771,0.7770665287971497,0.7134161591529846,0.7032234370708466,0.6617109179496765,0.6478931307792664,0.6538577675819397,spanish,spanish
221,RP,0.8754703029990196,0.5668975710868835,0.4950789213180542,0.5124156177043915,0.8336535394191742,0.8135897368192673,0.7476401031017303,0.6995337903499603,0.716055691242218,0.7546833008527756,0.698329359292984,0.6579431891441345,starbucks,starbucks
222,RP,0.9447390735149384,0.5837878286838531,0.42980247735977173,0.4687439203262329,0.9266824051737785,0.9085406512022018,0.8403667509555817,0.7380412518978119,0.7546192109584808,0.7706838250160217,0.7265809774398804,0.6622932553291321,tan,tan
223,RP,0.849169909954071,0.4931105375289917,0.44596683979034424,0.42392534017562866,0.7920094430446625,0.8137615919113159,0.7507463991641998,0.6718272566795349,0.6595891118049622,0.6549313962459564,0.6320573389530182,0.6103180050849915,teaspoon,teaspoon
224,RP,0.8691167831420898,0.6662998497486115,0.5495660305023193,0.57740119099617,0.8431742638349533,0.8541196137666702,0.8017808049917221,0.8013111352920532,0.793994352221489,0.7841567397117615,0.7785736173391342,0.7319175601005554,television,television
225,RP,0.8407048732042313,0.5212679207324982,0.4471936821937561,0.5825120806694031,0.7848367542028427,0.7916971743106842,0.7424137592315674,0.6776458024978638,0.666878879070282,0.6888077855110168,0.6625976860523224,0.6214517951011658,tuna,tuna
226,RP,0.8377351462841034,0.4523739814758301,0.3748930096626282,0.4485558867454529,0.8170978128910065,0.8144426345825195,0.765482947230339,0.6930883824825287,0.6685102581977844,0.6843226253986359,0.6489246785640717,0.562615156173706,tunnel,tunnel
227,RP,0.8703993707895279,0.5311969518661499,0.4281139373779297,0.44662392139434814,0.8093537092208862,0.765025183558464,0.7266440391540527,0.6932874321937561,0.7034163177013397,0.6939544081687927,0.64035364985466,0.6457855701446533,turquoise,turquoise
228,RP,0.8863285928964615,0.6658409535884857,0.5635072588920593,0.6457809805870056,0.8071729689836502,0.7866535633802414,0.7505238354206085,0.7014816701412201,0.6805884838104248,0.6699481308460236,0.7117312848567963,0.7062286138534546,university,university
229,RP,0.8282934874296188,0.5163820683956146,0.4275861978530884,0.4696037769317627,0.8256316035985947,0.8450669497251511,0.7686664164066315,0.7174866497516632,0.7084326148033142,0.6964901387691498,0.6702428162097931,0.6153168678283691,vase,vase
230,RP,0.9319772496819496,0.6335754692554474,0.5236392915248871,0.5249456167221069,0.8638289421796799,0.7982702851295471,0.8068103343248367,0.7592320293188095,0.710322916507721,0.7345296740531921,0.7519870102405548,0.7594971805810928,vatican,vatican
231,RP,0.8863131776452065,0.5504011809825897,0.49453073740005493,0.5132224559783936,0.8642969876527786,0.7529468536376953,0.7064907252788544,0.6598091125488281,0.6653520166873932,0.659212052822113,0.6373455822467804,0.6103314757347107,vietnam,vietnam
232,RP,0.8968822807073593,0.403142511844635,0.2976851463317871,0.27357256412506104,0.8660259991884232,0.8683005720376968,0.772334560751915,0.680428683757782,0.6678696870803833,0.6444584131240845,0.572721391916275,0.5249421894550323,violet,violet
233,RP,0.8996386080980301,0.6056567132472992,0.4779754877090454,0.5219875872135162,0.8722975105047226,0.8691915422677994,0.8221151828765869,0.762001559138298,0.7590702325105667,0.7500941455364227,0.7576480805873871,0.7263745963573456,whistle,whistle
234,RP,0.8947715982794762,0.5725488662719727,0.4965389370918274,0.4952949285507202,0.8206750303506851,0.8438144326210022,0.8137940615415573,0.7388218343257904,0.7208548188209534,0.7226494252681732,0.690758466720581,0.6446109712123871,window,window
235,RP,0.902686171233654,0.48807913064956665,0.40791356563568115,0.4158715605735779,0.8823492452502251,0.8525802940130234,0.7710341811180115,0.6908049285411835,0.6983321607112885,0.7010490596294403,0.6432631313800812,0.6061137020587921,wool,wool
236,UA,0.8300800174474716,0.48874157667160034,0.3993666172027588,0.4126039147377014,0.783456489443779,0.7683093994855881,0.7236127853393555,0.628017246723175,0.6387019753456116,0.6155325770378113,0.5958836078643799,0.5430542826652527,acrobats,acrobats
237,UA,0.8610228449106216,0.6435089707374573,0.5556249916553497,0.6644212305545807,0.8553366661071777,0.8540613949298859,0.8466982394456863,0.780287429690361,0.8094137758016586,0.8360251635313034,0.7938361614942551,0.7514530420303345,ankle,ankle
238,UA,0.8211243003606796,0.601201057434082,0.5655490159988403,0.497572660446167,0.7987956255674362,0.8326412886381149,0.7676306217908859,0.6704392433166504,0.7057612240314484,0.685765951871872,0.669295608997345,0.6857016086578369,aspirin,aspirin
239,UA,0.8027036488056183,0.5284639894962311,0.38209372758865356,0.4215342402458191,0.7977802455425262,0.8037106692790985,0.7522674202919006,0.6907895803451538,0.660582035779953,0.6669634580612183,0.6142983436584473,0.5885720252990723,aunt,aunt
240,UA,0.8990942388772964,0.6126241683959961,0.524273157119751,0.5718934237957001,0.8728018403053284,0.8415239453315735,0.78638856112957,0.740449070930481,0.745728462934494,0.7614299952983856,0.7336569726467133,0.7169977426528931,autumn,autumn
241,UA,0.8640439957380295,0.5381335914134979,0.45199674367904663,0.5583548843860626,0.8169329762458801,0.7870648056268692,0.8030429184436798,0.7681306302547455,0.778915673494339,0.7678204029798508,0.7419618964195251,0.6816284954547882,basement,basement
242,UA,0.8760302066802979,0.5587310791015625,0.4445838928222656,0.4515320658683777,0.8803458213806152,0.8643857538700104,0.8152520209550858,0.7483937442302704,0.7374772429466248,0.7653901726007462,0.7350160479545593,0.6720856726169586,beach,beach
243,UA,0.7941320985555649,0.31493592262268066,0.2524694800376892,0.24967652559280396,0.7456337213516235,0.732927680015564,0.6492035686969757,0.6054681837558746,0.5844978392124176,0.5506247282028198,0.5014165341854095,0.39882898330688477,beggars,beggars
244,UA,0.8586954772472382,0.48376578092575073,0.3668569326400757,0.39084506034851074,0.795199528336525,0.7756999433040619,0.7070184648036957,0.6905865967273712,0.6756007075309753,0.6998400092124939,0.680810421705246,0.6050971746444702,bracelet,bracelet
245,UA,0.8839132413268089,0.6489969193935394,0.5625063478946686,0.6098333299160004,0.8552067875862122,0.8166721165180206,0.7767208814620972,0.7369392514228821,0.7216774821281433,0.7332237958908081,0.7407461404800415,0.7048196494579315,canoe,canoe
246,UA,0.8340401202440262,0.4429696798324585,0.4266917109489441,0.3592725396156311,0.7542035281658173,0.7473492324352264,0.6825353503227234,0.622956395149231,0.6281946897506714,0.6061395406723022,0.5654537379741669,0.5654115676879883,cider,cider
247,UA,0.8726884424686432,0.5026558041572571,0.444736123085022,0.45194828510284424,0.836581289768219,0.8164190500974655,0.7590610086917877,0.6812666952610016,0.6983567774295807,0.6563333570957184,0.6287171840667725,0.6179833114147186,cigarettes,cigarettes
248,UA,0.8484681993722916,0.3982563614845276,0.34716635942459106,0.4054396152496338,0.8137613385915756,0.8086289018392563,0.732805609703064,0.6949979662895203,0.6713907420635223,0.6496823132038116,0.6068668961524963,0.522878497838974,cockroaches,cockroaches
249,UA,0.9683277010917664,0.48582249879837036,0.3826678991317749,0.46358370780944824,0.9161832183599472,0.8869187012314796,0.8042639493942261,0.7366574108600616,0.7126953601837158,0.6950937509536743,0.6827433705329895,0.6102497279644012,coffin,coffin
250,UA,0.9200200065970421,0.49224287271499634,0.42601990699768066,0.43859928846359253,0.8483674079179764,0.8364495187997818,0.806085616350174,0.7377432286739349,0.7300081849098206,0.7156389057636261,0.6740766763687134,0.6067497134208679,corpse,corpse
251,UA,0.8484781086444855,0.5550642907619476,0.4190623164176941,0.5198756754398346,0.8220375329256058,0.8029303252696991,0.7316600382328033,0.699399322271347,0.7360879182815552,0.7847711443901062,0.7444379925727844,0.6652635335922241,cottage,cottage
252,UA,0.9033773392438889,0.6538622379302979,0.5509375333786011,0.5787669718265533,0.8670722842216492,0.829592153429985,0.8042981028556824,0.7550316452980042,0.736163854598999,0.7658760845661163,0.7588254809379578,0.7336975038051605,cuba,cuba
253,UA,0.8329072743654251,0.5365789234638214,0.41029202938079834,0.4728461503982544,0.7692840248346329,0.7409148514270782,0.6979766190052032,0.6007859706878662,0.5805973410606384,0.5930508375167847,0.6091902852058411,0.6073377430438995,dad,dad
254,UA,0.8619906455278397,0.5250019133090973,0.429884672164917,0.42467260360717773,0.8085228949785233,0.7904591411352158,0.733428567647934,0.6786819100379944,0.7051766216754913,0.6938444077968597,0.6513436734676361,0.6214103102684021,dandruff,dandruff
255,UA,0.7920457422733307,0.5185692310333252,0.45615339279174805,0.5017660856246948,0.8071644157171249,0.8350841701030731,0.7883793860673904,0.741417795419693,0.7306200265884399,0.7596996426582336,0.7140761613845825,0.671977698802948,daughter,daughter
256,UA,0.884646825492382,0.6665343344211578,0.5379348993301392,0.5303091406822205,0.8522385805845261,0.859289824962616,0.8457540720701218,0.8132054954767227,0.7879156470298767,0.7967457622289658,0.7866638004779816,0.7591946125030518,daylight,daylight
257,UA,0.9707856941968203,0.6587753295898438,0.5461761355400085,0.6042479276657104,0.9318701177835464,0.9115021005272865,0.8789018541574478,0.8429566323757172,0.828364685177803,0.8180759698152542,0.8121018409729004,0.7600762993097305,dentist,dentist
258,UA,0.9374370500445366,0.6250213980674744,0.5414382815361023,0.4698270559310913,0.8674844652414322,0.8470194041728973,0.8019491732120514,0.7518769800662994,0.7540750354528427,0.7637404799461365,0.7206867337226868,0.7108946442604065,dew,dew
259,UA,0.05598187446594238,0.0635443925857544,0.049073219299316406,0.04668980836868286,0.06843870878219604,0.12882161140441895,0.14132511615753174,0.18366801738739014,0.15384727716445923,0.12884420156478882,0.11763972043991089,0.09485131502151489,dozen,dozen
260,UA,0.7960587441921234,0.48224490880966187,0.38491910696029663,0.40429890155792236,0.7770875543355942,0.7440146207809448,0.694908857345581,0.6404380202293396,0.6050570905208588,0.633280485868454,0.5892648696899414,0.5724372565746307,duchess,duchess
261,UA,0.8903795778751373,0.6414324641227722,0.5501680374145508,0.5153027176856995,0.8661938905715942,0.8565016537904739,0.7976166605949402,0.783451572060585,0.7954283952713013,0.8106338232755661,0.7514963001012802,0.7612221539020538,dusk,dusk
262,UA,0.9151113331317902,0.5032130479812622,0.37144994735717773,0.44491255283355713,0.908325269818306,0.8961957916617393,0.8084915578365326,0.7462379038333893,0.7181079685688019,0.6990872919559479,0.6541993916034698,0.6215603053569794,dye,dye
263,UA,0.8302989602088928,0.3866581916809082,0.27162104845046997,0.2820085287094116,0.7559920102357864,0.7386457324028015,0.6841582655906677,0.5991449058055878,0.6072650849819183,0.5999269485473633,0.5985706746578217,0.5007019340991974,earthworms,earthworms
264,UA,0.8557670563459396,0.6020927131175995,0.5488325953483582,0.6066199839115143,0.8357473462820053,0.8142672777175903,0.779465913772583,0.758044645190239,0.7599819451570511,0.7632906436920166,0.7324897050857544,0.6785242557525635,easel,easel
265,UA,0.8312669098377228,0.5445356070995331,0.45941728353500366,0.48055559396743774,0.8099965304136276,0.81230728328228,0.771633967757225,0.7079184353351593,0.6961754262447357,0.6763329207897186,0.665251225233078,0.6847821176052094,elves,elves
266,UA,0.943569902330637,0.5758909285068512,0.4926549196243286,0.466625452041626,0.9340007305145264,0.8871156871318817,0.8882936462759972,0.8214704692363739,0.8274107128381729,0.7890927195549011,0.7356740236282349,0.6581244170665741,fireplace,fireplace
267,UA,0.7872662991285324,0.33469414710998535,0.261474072933197,0.30201202630996704,0.7235861122608185,0.7417026162147522,0.6712525486946106,0.6247065663337708,0.589199036359787,0.6107832491397858,0.5566237568855286,0.47059178352355957,fleas,fleas
268,UA,0.825521856546402,0.5061197578907013,0.4497174620628357,0.517525315284729,0.8188286274671555,0.7922126054763794,0.7730202078819275,0.7289087176322937,0.7285103797912598,0.6797276139259338,0.6443644762039185,0.6066487729549408,forehead,forehead
269,UA,0.9266460612416267,0.4285813570022583,0.3610941171646118,0.38035112619400024,0.9070896953344345,0.8894990831613541,0.8027495443820953,0.7302932441234589,0.7198562324047089,0.7480000555515289,0.6817000508308411,0.6059276163578033,frown,frown
270,UA,0.90866769105196,0.5231161415576935,0.3784186840057373,0.4060148000717163,0.863021045923233,0.8270788192749023,0.7762107700109482,0.7066336870193481,0.6975281536579132,0.6865249276161194,0.6973845362663269,0.662874311208725,furnace,furnace
271,UA,0.9069722667336464,0.552994042634964,0.41893327236175537,0.48073893785476685,0.8506437540054321,0.8538460731506348,0.814130499958992,0.7795549482107162,0.7653035223484039,0.7472622990608215,0.6914666891098022,0.6204087138175964,glacier,glacier
272,UA,0.8753258734941483,0.5039008557796478,0.3854416608810425,0.4425528049468994,0.8409866988658905,0.84981769323349,0.8049769252538681,0.7513806372880936,0.716331273317337,0.7184850573539734,0.6997381746768951,0.6316945850849152,grandfather,grandfather
273,UA,0.7787608206272125,0.54581418633461,0.44358712434768677,0.48137789964675903,0.7715755999088287,0.8012871742248535,0.7676196545362473,0.677400141954422,0.6963365375995636,0.6895586252212524,0.6684281527996063,0.6529275476932526,grandmother,grandmother
274,UA,0.6909926533699036,0.29064375162124634,0.21017158031463623,0.236108660697937,0.6023876965045929,0.6015669107437134,0.48642444610595703,0.4260578155517578,0.4560217261314392,0.43957334756851196,0.4071412682533264,0.3728746771812439,hatchet,hatchet
275,UA,0.8653606623411179,0.549544095993042,0.41923242807388306,0.49903881549835205,0.8361601233482361,0.8018763512372971,0.7607980072498322,0.7077790200710297,0.7136613726615906,0.6897613406181335,0.6885455250740051,0.6587933003902435,hay,hay
276,UA,0.83822101354599,0.4900021553039551,0.42122602462768555,0.4101399779319763,0.8053880631923676,0.7747176736593246,0.6808849275112152,0.6307587027549744,0.648259699344635,0.6572707295417786,0.643214076757431,0.5912972688674927,helmet,helmet
277,UA,0.8525812476873398,0.4689810872077942,0.39930862188339233,0.40763676166534424,0.7944109588861465,0.7516300231218338,0.7436273396015167,0.6679271161556244,0.6827591955661774,0.6768921315670013,0.6614884436130524,0.5945722162723541,hexagon,hexagon
278,UA,0.8507575988769531,0.5571207404136658,0.4670632481575012,0.5016394555568695,0.8053890764713287,0.7998581379652023,0.7740540504455566,0.7065869867801666,0.6788822412490845,0.6627358198165894,0.6394466459751129,0.6159463822841644,highway,highway
279,UA,0.8037904798984528,0.5546264946460724,0.4367636442184448,0.4575989246368408,0.7445602416992188,0.7218083143234253,0.6984396576881409,0.6581267416477203,0.6472448706626892,0.6733292937278748,0.6552496552467346,0.6348131895065308,hoe,hoe
280,UA,0.8267749100923538,0.5007990598678589,0.3493375778198242,0.35085374116897583,0.8062870800495148,0.8404212296009064,0.8016519695520401,0.7360893785953522,0.7165842652320862,0.7338459193706512,0.6672058701515198,0.5847826302051544,hostage,hostage
281,UA,0.9120368957519531,0.472079873085022,0.38512474298477173,0.39476001262664795,0.8767702132463455,0.8504968136548996,0.8093289434909821,0.7063825726509094,0.6930442154407501,0.694159209728241,0.6519952118396759,0.5990900099277496,icicle,icicle
282,UA,0.851965606212616,0.6128801703453064,0.5591384768486023,0.5723109245300293,0.8315926790237427,0.8202769905328751,0.7771524339914322,0.6950966417789459,0.7142789959907532,0.7112186551094055,0.6733328700065613,0.667221337556839,igloo,igloo
283,UA,0.8509697467088699,0.5450314879417419,0.43760359287261963,0.4915277361869812,0.800399512052536,0.8216274827718735,0.7844598740339279,0.6981039941310883,0.6974108219146729,0.7019232511520386,0.7042584419250488,0.6456286311149597,infant,infant
284,UA,0.872720405459404,0.5821292698383331,0.4715930223464966,0.44899070262908936,0.8097500205039978,0.8144502341747284,0.7477199137210846,0.703834056854248,0.6923846304416656,0.7038958370685577,0.6964431405067444,0.6722526252269745,ivy,ivy
285,UA,0.8499740362167358,0.5911634564399719,0.49482572078704834,0.5142685770988464,0.8427390158176422,0.8571047782897949,0.8059794902801514,0.7381230890750885,0.7058019042015076,0.7131544649600983,0.6686680018901825,0.6477194726467133,janitor,janitor
286,UA,0.8943422138690948,0.7007391154766083,0.618371456861496,0.6865403354167938,0.8766492158174515,0.8611827045679092,0.8408926129341125,0.8014358282089233,0.828949823975563,0.7997110933065414,0.8144499808549881,0.7869532108306885,jeep,jeep
287,UA,0.890005573630333,0.5117494761943817,0.4143410325050354,0.4567185044288635,0.846658244729042,0.8524951487779617,0.8140930682420731,0.7367929220199585,0.7391514182090759,0.6806151568889618,0.6350666284561157,0.5804364681243896,juggler,juggler
288,UA,0.860954076051712,0.36469119787216187,0.28066861629486084,0.3188304305076599,0.8434114456176758,0.7980725914239883,0.7065131664276123,0.6256509721279144,0.6509733200073242,0.6670160591602325,0.5856165885925293,0.5565060079097748,kitten,kitten
289,UA,0.8651590943336487,0.6017962992191315,0.5027429163455963,0.5256914794445038,0.816661924123764,0.7926731556653976,0.7687432765960693,0.7042593955993652,0.7297987341880798,0.7336224913597107,0.7282943427562714,0.6905359923839569,leather,leather
290,UA,0.8711655288934708,0.3888799548149109,0.34389203786849976,0.3171500563621521,0.7853594124317169,0.788677990436554,0.6944191753864288,0.5750370621681213,0.5830474495887756,0.5671767890453339,0.5336610674858093,0.5100802779197693,lemonade,lemonade
291,UA,0.9038299322128296,0.5309243500232697,0.45377522706985474,0.5335309505462646,0.8903746902942657,0.8941118866205215,0.8471242487430573,0.8075588494539261,0.7892992198467255,0.7634448111057281,0.7164223492145538,0.661295086145401,lungs,lungs
292,UA,0.8540059626102448,0.5743595063686371,0.48156970739364624,0.5492006838321686,0.7626953423023224,0.7687994539737701,0.7608738243579865,0.6809574961662292,0.6861821413040161,0.6771841943264008,0.6983684003353119,0.6867392957210541,mattress,mattress
293,UA,0.913145087659359,0.6389595568180084,0.5230961441993713,0.576237827539444,0.9050009474158287,0.8648895621299744,0.8449075371026993,0.7916916608810425,0.8041355758905411,0.8020701110363007,0.7407393753528595,0.7258137762546539,meadow,meadow
294,UA,0.6789725124835968,0.6130398511886597,0.5796525180339813,0.5339867174625397,0.6713323295116425,0.6971433162689209,0.6821466684341431,0.6525107026100159,0.658745676279068,0.6894611120223999,0.6359713077545166,0.6350522339344025,measles,measles
295,UA,0.9005649760365486,0.5697343647480011,0.45272916555404663,0.4971926212310791,0.8661295622587204,0.8569799959659576,0.809721976518631,0.7296475470066071,0.7757267206907272,0.7517346441745758,0.7332812249660492,0.7029610872268677,mermaid,mermaid
296,UA,0.9023782089352608,0.5709134638309479,0.48476600646972656,0.47717028856277466,0.8874282091856003,0.844454288482666,0.7791215777397156,0.7528235912322998,0.7787145376205444,0.7520506083965302,0.7249554693698883,0.7003850340843201,midnight,midnight
297,UA,0.8942419588565826,0.5210031569004059,0.41985172033309937,0.43900924921035767,0.84963059425354,0.818763941526413,0.799509808421135,0.7509495913982391,0.7324095666408539,0.7187240421772003,0.675889641046524,0.6403532922267914,monk,monk
298,UA,0.9122222512960434,0.701834499835968,0.5763003826141357,0.577746719121933,0.8609768152236938,0.8516382128000259,0.8471029549837112,0.8018529266119003,0.8063850402832031,0.8167815059423447,0.8025452792644501,0.8074144124984741,morgue,morgue
299,UA,0.80308698117733,0.3187674880027771,0.24285393953323364,0.2862001657485962,0.7375563979148865,0.7312125265598297,0.6631819307804108,0.5673812925815582,0.5546251833438873,0.5257664322853088,0.44925427436828613,0.42252039909362793,mosquitos,mosquitos
300,UA,0.8904918283224106,0.5284662544727325,0.44913482666015625,0.41827279329299927,0.8143064677715302,0.8010186851024628,0.7809132784605026,0.7212882936000824,0.711037665605545,0.7267796397209167,0.7044693827629089,0.6732434928417206,moss,moss
301,UA,0.8665449172258377,0.5651974678039551,0.4682508707046509,0.49586719274520874,0.8082923740148544,0.7842329293489456,0.7283540368080139,0.6744676232337952,0.6796652972698212,0.6737731993198395,0.6701802015304565,0.6432824730873108,moths,moths
302,UA,0.9082387983798981,0.6424863636493683,0.538524717092514,0.6111319363117218,0.907038152217865,0.8779642879962921,0.8184670507907867,0.7765878885984421,0.7743498980998993,0.7566694766283035,0.7873775064945221,0.743456095457077,myth,myth
303,UA,0.7994851469993591,0.4524747133255005,0.36886411905288696,0.38608384132385254,0.7529876679182053,0.7375599145889282,0.7003272771835327,0.665289431810379,0.6895251274108887,0.6873646974563599,0.6943405866622925,0.6382429599761963,necklace,necklace
304,UA,0.8219354301691055,0.5834683477878571,0.5596268177032471,0.5169276595115662,0.806582123041153,0.8078111708164215,0.7739527076482773,0.720542311668396,0.7021268904209137,0.6740651726722717,0.6366724371910095,0.6133822500705719,nightgown,nightgown
305,UA,0.8162102252244949,0.44118523597717285,0.35769325494766235,0.3777843117713928,0.7285991013050079,0.72951740026474,0.6626043319702148,0.531965434551239,0.529381275177002,0.5574173033237457,0.594527930021286,0.5460126399993896,nomads,nomads
306,UA,0.874997541308403,0.5343589782714844,0.47044360637664795,0.46240365505218506,0.8433464765548706,0.8444381803274155,0.7961239814758301,0.7710823565721512,0.7803630232810974,0.7720938920974731,0.7295344769954681,0.6615238189697266,noon,noon
307,UA,0.8943929746747017,0.6143143475055695,0.5389530658721924,0.5525656938552856,0.8561077266931534,0.8351669162511826,0.8051328361034393,0.7283033430576324,0.753570169210434,0.7017103731632233,0.6481246650218964,0.6203963756561279,oar,oar
308,UA,0.840036928653717,0.46783000230789185,0.350333034992218,0.35128360986709595,0.8165855705738068,0.8099456131458282,0.7511900961399078,0.671718418598175,0.6478636860847473,0.6113552451133728,0.6225788593292236,0.5779702961444855,ocean,ocean
309,UA,0.930040031671524,0.5449528992176056,0.4351763129234314,0.4489377737045288,0.8748354017734528,0.8674337565898895,0.7980658710002899,0.7093519270420074,0.7118265628814697,0.675510972738266,0.6918439269065857,0.6374111473560333,owl,owl
310,UA,0.8440542370080948,0.5183596611022949,0.405748188495636,0.4487019181251526,0.8006176650524139,0.7954200953245163,0.7605053782463074,0.7418133020401001,0.716878205537796,0.7245941162109375,0.6816580295562744,0.6295160055160522,pigeons,pigeons
311,UA,0.823201134800911,0.3854755163192749,0.290172815322876,0.3360147476196289,0.7631813436746597,0.7234054505825043,0.6057144701480865,0.5604832470417023,0.5745249092578888,0.5806355476379395,0.5760810375213623,0.48590636253356934,sandals,sandals
312,UA,0.830910325050354,0.3923383355140686,0.2726806402206421,0.2888917922973633,0.7648183107376099,0.7263641059398651,0.6261592507362366,0.5435631573200226,0.5238593816757202,0.5490213334560394,0.5041174590587616,0.4927777647972107,tulips,tulips
313,UA,0.9228463470935822,0.44389402866363525,0.4011293649673462,0.4311939477920532,0.881713330745697,0.8433389514684677,0.7658821791410446,0.6892600655555725,0.6819602847099304,0.6939639747142792,0.6568400263786316,0.6050691306591034,wig,wig
